{
  "type": "FeatureCollection",
  "features": [
    {
      "type": "Feature",
      "geometry": {
        "type": "Point",
        "coordinates": [
          1.2637939397245646,
          42.91620643817353
        ]
      },
      "properties": {
        "name": "testPoint"
      }
    },
    {
      "type": "Feature",
      "geometry": {
        "type": "LineString",
        "coordinates": [
          [
            1.8021240178495646,
            43.01268088642034
          ],
          [
            2.4722900334745646,
            43.628123412124616
          ]
        ]
      },
      "properties": {}
    },
    {
      "type": "Feature",
      "geometry": {
        "type": "Polygon",
        "coordinates": [
          [
            [
              0.30798339284956455,
              43.715534726205114
            ],
            [
              0.9067382756620646,
              43.72744458647463
            ],
            [
              1.1044921819120646,
              43.37311218382002
            ],
            [
              0.36291503347456455,
              43.15710884095329
            ],
            [
              0.30798339284956455,
              43.715534726205114
            ]
          ]
        ]
      },
      "properties": {}
    }
  ]
}