{
    "type": "color",
    "protocol":   "wmts",
    "id":         "OrthoCRS",
    "url":        "http://wxs.ign.fr/va5orxd0pgzvq3jxutqfuy0b/geoportail/wmts",
    "networkOptions": {
        "crossOrigin": "anonymous"
    },
    "fx" :        1.0,
    "updateStrategy": {
        "type": 0,
        "options": {}
    },
    "options": {
        "name": "ORTHOIMAGERY.ORTHOPHOTOS.CRS84",
        "attribution" : {
            "name":"IGN",
            "url":"http://www.ign.fr/"
        },
        "mimetype": "image/jpeg",
        "tileMatrixSet": "WGS84G",
        "tileMatrixSetLimits": {

            "6" : {
                "minTileRow" : 13,
                "maxTileRow" : 39,
                "minTileCol" : 0,
                "maxTileCol" : 83
            },
            "7" : {
                "minTileRow" : 27,
                "maxTileRow" : 79,
                "minTileCol" : 1,
                "maxTileCol" : 167
            },
            "8" : {
                "minTileRow" : 55,
                "maxTileRow" : 158,
                "minTileCol" : 2,
                "maxTileCol" : 335
            },
            "9" : {
                "minTileRow" : 110,
                "maxTileRow" : 316,
                "minTileCol" : 5,
                "maxTileCol" : 670
            },
            "10" : {
                "minTileRow" : 221,
                "maxTileRow" : 633,
                "minTileCol" : 10,
                "maxTileCol" : 1341
            },
            "11" : {
                "minTileRow" : 442,
                "maxTileRow" : 1267,
                "minTileCol" : 20,
                "maxTileCol" : 2683
            },
            "12" : {
                "minTileRow" : 885,
                "maxTileRow" : 2534,
                "minTileCol" : 41,
                "maxTileCol" : 5366
            },
            "13" : {
                "minTileRow" : 1770,
                "maxTileRow" : 5069,
                "minTileCol" : 82,
                "maxTileCol" : 10733
            },
            "14" : {
                "minTileRow" : 3541,
                "maxTileRow" : 10139,
                "minTileCol" : 165,
                "maxTileCol" : 21467
            },
            "15" : {
                "minTileRow" : 7082,
                "maxTileRow" : 20279,
                "minTileCol" : 330,
                "maxTileCol" : 42934
            },
            "16" : {
                "minTileRow" : 14165,
                "maxTileRow" : 40559,
                "minTileCol" : 660,
                "maxTileCol" : 85868
            },
            "17" : {
                "minTileRow" : 28330,
                "maxTileRow" : 81118,
                "minTileCol" : 1320,
                "maxTileCol" : 171736
            }
        }
    }
}
