{
    "type": "color",
    "protocol":   "wmts",
    "id":         "ScanEX",
    "url":        "http://wxs.ign.fr/va5orxd0pgzvq3jxutqfuy0b/geoportail/wmts",
    "networkOptions": {
        "crossOrigin": "anonymous"
    },
    "fx" :        2.5,
    "updateStrategy": {
        "type": 0,
        "options": {}
    },
    "options": {
        "attribution" : {
            "name":"IGN",
            "url":"http://www.ign.fr/"
        },
        "name": "GEOGRAPHICALGRIDSYSTEMS.MAPS.SCAN-EXPRESS.STANDARD",
        "mimetype": "image/jpeg",
        "tileMatrixSet": "PM",
        "tileMatrixSetLimits": {
            "0": {
                "MinTileRow": 0,
                "MaxTileRow": 0,
                "MinTileCol": 0,
                "MaxTileCol": 1
            },
            "1": {
                "MinTileRow": 0,
                "MaxTileRow": 1,
                "MinTileCol": 0,
                "MaxTileCol": 2
            },
            "2": {
                "MinTileRow": 0,
                "MaxTileRow": 3,
                "MinTileCol": 0,
                "MaxTileCol": 4
            },
            "3": {
                "MinTileRow": 0,
                "MaxTileRow": 7,
                "MinTileCol": 0,
                "MaxTileCol": 8
            },
            "4": {
                "MinTileRow": 0,
                "MaxTileRow": 1,
                "MinTileCol": 0,
                "MaxTileCol": 1
            },
            "5": {
                "MinTileRow": 0,
                "MaxTileRow": 3,
                "MinTileCol": 0,
                "MaxTileCol": 3
            },
            "6": {
                "MinTileRow": 0,
                "MaxTileRow": 6,
                "MinTileCol": 0,
                "MaxTileCol": 6
            },
            "7": {
                "MinTileRow": 0,
                "MaxTileRow": 1,
                "MinTileCol": 0,
                "MaxTileCol": 1
            },
            "8": {
                "MinTileRow": 85,
                "MaxTileRow": 14,
                "MinTileCol": 81,
                "MaxTileCol": 16
            },
            "9": {
                "MinTileRow": 170,
                "MaxTileRow": 287,
                "MinTileCol": 163,
                "MaxTileCol": 335
            },
            "10": {
                "MinTileRow": 340,
                "MaxTileRow": 574,
                "MinTileCol": 331,
                "MaxTileCol": 671
            },
            "11": {
                "MinTileRow": 681,
                "MaxTileRow": 114,
                "MinTileCol": 663,
                "MaxTileCol": 134
            },
            "12": {
                "MinTileRow": 1363,
                "MaxTileRow": 2298,
                "MinTileCol": 1326,
                "MaxTileCol": 2684
            },
            "13": {
                "MinTileRow": 2726,
                "MaxTileRow": 4596,
                "MinTileCol": 2653,
                "MaxTileCol": 5368
            },
            "14": {
                "MinTileRow": 5452,
                "MaxTileRow": 9204,
                "MinTileCol": 5311,
                "MaxTileCol": 1074
            },
            "15": {
                "MinTileRow": 10944,
                "MaxTileRow": 18381,
                "MinTileCol": 10632,
                "MaxTileCol": 21467
            },
            "16": {
                "MinTileRow": 21889,
                "MaxTileRow": 36763,
                "MinTileCol": 21264,
                "MaxTileCol": 42934
            },
            "17": {
                "MinTileRow": 43778,
                "MaxTileRow": 73526,
                "MinTileCol": 42528,
                "MaxTileCol": 85869
            },
            "18": {
                "MinTileRow": 87557,
                "MaxTileRow": 14705,
                "MinTileCol": 85058,
                "MaxTileCol": 17173
            }
        }
    }
}
