
{
    "type":       "elevation",
    "protocol":   "wmts",
    "id":         "MNT_WORLD_SRTM3",
    "url":        "http://wxs.ign.fr/b18et5wxxg79xdjhpb7u2twt/geoportail/wmts",
    "noDataValue": -99999,
    "updateStrategy": {
        "type": 1,
        "options": {
            "groups": [3, 7, 9]
        }
    },
    "options": {
        "name": "ELEVATION.ELEVATIONGRIDCOVERAGE.SRTM3",
        "mimetype": "image/x-bil;bits=32",
        "tileMatrixSet": "WGS84G",
        "tileMatrixSetLimits": {
            "3": {
                "minTileRow": 1,
                "maxTileRow": 6,
                "minTileCol": 0,
                "maxTileCol": 16
            },
            "4": {
                "minTileRow": 2,
                "maxTileRow": 12,
                "minTileCol": 0,
                "maxTileCol": 32
            },
            "5": {
                "minTileRow": 5,
                "maxTileRow": 25,
                "minTileCol": 0,
                "maxTileCol": 64
            },
            "6": {
                "minTileRow": 10,
                "maxTileRow": 51,
                "minTileCol": 0,
                "maxTileCol": 128
            },
            "7": {
                "minTileRow": 20,
                "maxTileRow": 103,
                "minTileCol": 0,
                "maxTileCol": 256
            },
            "8": {
                "minTileRow": 41,
                "maxTileRow": 207,
                "minTileCol": 0,
                "maxTileCol": 512
            },
            "9": {
                "minTileRow": 82,
                "maxTileRow": 415,
                "minTileCol": 0,
                "maxTileCol": 1024
            },
            "10": {
                "minTileRow": 164,
                "maxTileRow": 830,
                "minTileCol": 0,
                "maxTileCol": 2048
            }
        }
    }
}
